community,size,age_mean,age_std,pos_rate_unw,weight_sum,age_mean_w,age_std_w,pos_rate_w,p_male,p_female,p_male_w,p_female_w,p_hisp_plus_others,p_non_hisp_white,p_hisp_plus_others_w,p_non_hisp_white_w
0,1111,85.0,0.0,0.0891089108910891,1146.4017244594538,84.99999999999999,1.4210854715202004e-14,0.07226627080639818,0.3501350135013501,0.6498649864986499,0.3362783883853796,0.6637216116146204,0.18271827182718273,0.8172817281728173,0.17403159824931116,0.8259684017506889
1,612,67.0,0.0,0.1568627450980392,622.5979582753639,67.0,0.0,0.1426217586228419,0.4411764705882353,0.5588235294117647,0.4380878131020167,0.5619121868979834,0.238562091503268,0.761437908496732,0.23892236716401855,0.7610776328359815
2,593,65.0,0.0,0.13659359190556492,596.4107902635577,65.0,0.0,0.12265226433209135,0.5042158516020236,0.4957841483979764,0.4986950322682833,0.5013049677317166,0.27318718381112983,0.7268128161888702,0.26898758525938726,0.7310124147406127
3,592,68.0,0.0,0.15202702702702703,600.1380739940225,68.0,0.0,0.13637761493170375,0.44763513513513514,0.5523648648648649,0.44254788964077846,0.5574521103592216,0.24662162162162163,0.7533783783783784,0.24426018693257592,0.7557398130674241
4,563,70.0,0.0,0.16873889875666073,567.9560169498334,69.99999999999999,1.4210854715202004e-14,0.14914052052405544,0.4493783303730018,0.5506216696269982,0.4471879088969325,0.5528120911030675,0.23268206039076378,0.7673179396092362,0.23238254306034506,0.7676174569396549
5,560,63.0,0.0,0.175,563.5157844065913,63.0,0.0,0.15780959009682044,0.4446428571428571,0.5553571428571429,0.4422176265665055,0.5577823734334946,0.2875,0.7125,0.2860551863383792,0.7139448136616209
6,552,66.0,0.0,0.15760869565217392,556.7824620537932,66.0,0.0,0.14212808972065866,0.49094202898550726,0.5090579710144928,0.4845180818885112,0.5154819181114889,0.24818840579710144,0.7518115942028986,0.24384958183246294,0.7561504181675371
7,551,62.0,0.0,0.19419237749546278,549.9512399048283,62.0,0.0,0.17364998258357525,0.4573502722323049,0.542649727767695,0.45920559248957793,0.540794407510422,0.2885662431941924,0.7114337568058077,0.29009969136260877,0.7099003086373912
8,537,72.0,0.0,0.1303538175046555,544.5854532324854,71.99999999999999,1.4210854715202004e-14,0.11574845670589923,0.46741154562383613,0.5325884543761639,0.4581932976194219,0.541806702380578,0.24022346368715083,0.7597765363128491,0.23416968612585928,0.7658303138741406
9,534,64.0,0.0,0.18164794007490637,539.5339325783373,64.0,0.0,0.16759685705431177,0.4550561797752809,0.5449438202247191,0.4564926283070233,0.5435073716929768,0.2752808988764045,0.7247191011235955,0.27856128015022996,0.7214387198497701
10,527,69.0,0.0,0.13851992409867173,532.8113349040258,69.0,0.0,0.12339432907771357,0.45920303605313095,0.540796963946869,0.45225723904675746,0.5477427609532425,0.2637571157495256,0.7362428842504743,0.258943033337239,0.741056966662761
11,526,61.0,0.0,0.15399239543726237,533.5476050418167,61.000000000000014,1.4210854715202004e-14,0.13824933834338687,0.4296577946768061,0.5703422053231939,0.42579082753162556,0.5742091724683744,0.25665399239543724,0.7433460076045627,0.25523435020872975,0.7447656497912704
12,525,71.0,0.0,0.12761904761904763,531.3284727276408,71.0,0.0,0.1089623191104159,0.43238095238095237,0.5676190476190476,0.42445571097366047,0.5755442890263396,0.24,0.76,0.23436614268550918,0.7656338573144909
13,520,60.0,0.0,0.18461538461538463,518.3873274457288,60.0,0.0,0.167099880007107,0.475,0.525,0.47458130901266954,0.5254186909873305,0.3211538461538462,0.6788461538461539,0.32025654881031795,0.6797434511896822
14,520,73.0,0.0,0.14423076923076922,524.0448431324947,73.0,0.0,0.12217840259842105,0.4115384615384615,0.5884615384615385,0.4032970291446092,0.5967029708553908,0.25961538461538464,0.7403846153846154,0.25254657136360137,0.7474534286363986
15,507,36.0,0.0,0.22485207100591717,504.49082908929927,35.99999999999999,7.105427357601002e-15,0.21431349292216745,0.4339250493096647,0.5660749506903353,0.44680068816245605,0.553199311837544,0.4280078895463511,0.571992110453649,0.4408540983990394,0.5591459016009606
16,505,32.0,0.0,0.2594059405940594,495.3103371823169,32.0,0.0,0.24197935617244806,0.43366336633663366,0.5663366336633663,0.4425439896126418,0.5574560103873581,0.44752475247524753,0.5524752475247525,0.45667654343701997,0.54332345656298
17,498,59.0,0.0,0.17670682730923695,496.10258154874225,59.0,0.0,0.15409898586677281,0.4738955823293173,0.5261044176706827,0.46976334728349434,0.5302366527165058,0.27309236947791166,0.7269076305220884,0.2681921325403294,0.7318078674596706
18,492,58.0,0.0,0.19308943089430894,488.50838304711186,58.0,0.0,0.1696405843934879,0.4654471544715447,0.5345528455284553,0.4687739411381098,0.5312260588618902,0.28252032520325204,0.717479674796748,0.28453964112749897,0.715460358872501
19,482,55.0,0.0,0.2012448132780083,483.1876305159527,55.00000000000001,7.105427357601002e-15,0.19097199544084742,0.487551867219917,0.5124481327800829,0.49164330845126303,0.508356691548737,0.34232365145228216,0.6576763485477178,0.3467720502088836,0.6532279497911164
20,482,74.0,0.0,0.12863070539419086,490.34899944216374,74.0,0.0,0.11161273109866285,0.4190871369294606,0.5809128630705395,0.4113500408074615,0.5886499591925385,0.23029045643153526,0.7697095435684648,0.22576793479006488,0.7742320652099351
21,471,34.0,0.0,0.2526539278131635,464.7995554457411,34.0,0.0,0.23720039008581953,0.4182590233545648,0.5817409766454352,0.42034882096651144,0.5796511790334885,0.4607218683651805,0.5392781316348195,0.4633781220182736,0.5366218779817264
22,471,35.0,0.0,0.22929936305732485,463.96858190641075,35.00000000000001,7.105427357601002e-15,0.21537865695915037,0.46496815286624205,0.535031847133758,0.4759345270499626,0.5240654729500374,0.4309978768577495,0.5690021231422505,0.44144943339500603,0.558550566604994
23,471,40.0,0.0,0.2505307855626327,465.2740730947599,40.0,0.0,0.233530898988541,0.44798301486199577,0.5520169851380042,0.4545525831170481,0.545447416882952,0.3991507430997877,0.6008492569002123,0.4051193536937621,0.5948806463062379
24,467,39.0,0.0,0.21627408993576017,465.4951878434502,39.0,0.0,0.20543805101122103,0.44967880085653106,0.550321199143469,0.453666722649974,0.546333277350026,0.41755888650963596,0.582441113490364,0.4214429738514265,0.5785570261485734
25,458,53.0,0.0,0.18340611353711792,452.7725873312015,53.000000000000014,1.4210854715202004e-14,0.1640631858077765,0.4606986899563319,0.5393013100436681,0.4590697458440211,0.540930254155979,0.3799126637554585,0.6200873362445415,0.37735101764518997,0.6226489823548101
26,458,38.0,0.0,0.2096069868995633,452.37635254926425,38.0,0.0,0.19422347088244293,0.44541484716157204,0.5545851528384279,0.4499740542328201,0.5500259457671799,0.43231441048034935,0.5676855895196506,0.4367107614762727,0.5632892385237273
27,454,41.0,0.0,0.19823788546255505,448.99799519565823,41.00000000000001,7.105427357601002e-15,0.17884271234939744,0.46255506607929514,0.5374449339207048,0.4630007607142492,0.5369992392857508,0.36784140969163,0.6321585903083701,0.36723195893761307,0.6327680410623868
28,454,31.0,0.0,0.2488986784140969,442.48928943552716,31.0,0.0,0.22941963078255934,0.4669603524229075,0.5330396475770925,0.47821897529734775,0.5217810247026522,0.43392070484581496,0.566079295154185,0.4443198496956069,0.5556801503043931
29,450,30.0,0.0,0.24888888888888888,442.6385011462989,30.0,0.0,0.23399021212202606,0.48444444444444446,0.5155555555555555,0.4918349406268143,0.5081650593731857,0.41555555555555557,0.5844444444444444,0.4218003640598879,0.578199635940112
30,449,76.0,0.0,0.15367483296213807,453.73919938444027,76.00000000000001,1.4210854715202004e-14,0.1279229744286128,0.42316258351893093,0.576837416481069,0.4186344205645737,0.5813655794354264,0.17371937639198218,0.8262806236080178,0.17179658915846313,0.8282034108415369
31,446,33.0,0.0,0.20179372197309417,438.77115701738904,33.0,0.0,0.18932041630380916,0.47757847533632286,0.5224215246636771,0.47917329718423773,0.5208267028157623,0.47085201793721976,0.5291479820627802,0.4723360200478076,0.5276639799521924
32,446,75.0,0.0,0.11434977578475336,456.2204720666979,75.00000000000001,1.4210854715202004e-14,0.09782482765741383,0.4170403587443946,0.5829596412556054,0.40737439866145464,0.5926256013385454,0.19282511210762332,0.8071748878923767,0.18818213061833983,0.8118178693816601
33,445,44.0,0.0,0.19550561797752808,441.48452473581733,44.0,0.0,0.18282230839968933,0.46741573033707867,0.5325842696629214,0.4715830364328838,0.5284169635671162,0.41123595505617977,0.5887640449438202,0.41495591000085336,0.5850440899991466
34,440,57.0,0.0,0.17272727272727273,443.130208900803,57.0,0.0,0.16705455217722232,0.4727272727272727,0.5272727272727272,0.47582150822481506,0.5241784917751849,0.37727272727272726,0.6227272727272727,0.38104124013119495,0.618958759868805
35,439,43.0,0.0,0.20501138952164008,436.71732729033243,42.99999999999999,7.105427357601002e-15,0.19658794769141308,0.4806378132118451,0.5193621867881549,0.48405046517779937,0.5159495348222006,0.4305239179954442,0.5694760820045558,0.4336746302263864,0.5663253697736136
36,435,37.0,0.0,0.23218390804597702,429.12645877713015,37.0,0.0,0.21501200905351672,0.4091954022988506,0.5908045977011495,0.4177742457215951,0.5822257542784048,0.4436781609195402,0.5563218390804597,0.45272897688113506,0.5472710231188649
37,434,54.0,0.0,0.16359447004608296,436.8823724240674,53.99999999999999,7.105427357601002e-15,0.15442333411798134,0.46774193548387094,0.532258064516129,0.4691563223143724,0.5308436776856277,0.347926267281106,0.652073732718894,0.35013114921920957,0.6498688507807905
38,434,56.0,0.0,0.18202764976958524,440.13061007014295,56.00000000000001,7.105427357601002e-15,0.17917710157217215,0.511520737327189,0.48847926267281105,0.5117665179646362,0.48823348203536365,0.3248847926267281,0.6751152073732719,0.3277302383995973,0.6722697616004026
39,429,51.0,0.0,0.17482517482517482,429.02402960085755,51.00000000000001,7.105427357601002e-15,0.16597955229962585,0.5011655011655012,0.4988344988344988,0.509271883581502,0.4907281164184979,0.3543123543123543,0.6456876456876457,0.3624269619611163,0.6375730380388837
40,423,52.0,0.0,0.20803782505910165,419.26293679484013,51.999999999999986,1.4210854715202004e-14,0.1926698080338654,0.4657210401891253,0.5342789598108747,0.469286018012539,0.530713981987461,0.3877068557919622,0.6122931442080378,0.39057646106415544,0.6094235389358446
41,410,29.0,0.0,0.2682926829268293,401.69871354045557,29.0,0.0,0.2459257360354966,0.4219512195121951,0.5780487804878048,0.4326288459340041,0.567371154065996,0.4073170731707317,0.5926829268292683,0.41769227830818884,0.5823077216918112
42,407,46.0,0.0,0.1891891891891892,405.7075413822636,46.0,0.0,0.1787763716025999,0.48894348894348894,0.5110565110565111,0.4894107235945217,0.5105892764054784,0.3882063882063882,0.6117936117936118,0.38835270564318863,0.6116472943568113
43,402,45.0,0.0,0.15920398009950248,396.1040152664774,45.0,0.0,0.1455756548375541,0.47512437810945274,0.5248756218905473,0.4758679050043556,0.5241320949956443,0.4577114427860697,0.5422885572139303,0.45819577917323834,0.5418042208267616
44,394,49.0,0.0,0.1751269035532995,395.5582709385754,49.0,0.0,0.17176767067371504,0.45685279187817257,0.5431472081218274,0.4635029263494817,0.5364970736505182,0.43908629441624364,0.5609137055837563,0.44580641861778775,0.5541935813822123
45,387,42.0,0.0,0.17054263565891473,378.9625855102767,42.0,0.0,0.1483871937371553,0.4444444444444444,0.5555555555555556,0.43817641049389394,0.5618235895061061,0.4470284237726098,0.5529715762273901,0.44081519341926767,0.5591848065807323
46,386,28.0,0.0,0.25129533678756477,383.28562286050345,28.0,0.0,0.24881200860547426,0.5155440414507773,0.4844559585492228,0.5291979030953777,0.47080209690462227,0.4533678756476684,0.5466321243523317,0.4665814140632943,0.5334185859367058
47,386,26.0,0.0,0.22020725388601037,376.7348878687546,26.000000000000004,3.552713678800501e-15,0.20474458353998404,0.5051813471502591,0.4948186528497409,0.510168489906518,0.4898315100934821,0.45595854922279794,0.5440414507772021,0.4597351464285995,0.5402648535714005
48,382,50.0,0.0,0.20418848167539266,378.9583982817359,50.0,0.0,0.19080717978639572,0.48429319371727747,0.5157068062827225,0.4888287651922838,0.5111712348077161,0.38481675392670156,0.6151832460732984,0.38855390607239443,0.6114460939276055
49,381,27.0,0.0,0.22572178477690288,378.1718836355606,27.0,0.0,0.22223657658632556,0.49868766404199477,0.5013123359580053,0.510345565668577,0.48965443433142297,0.4671916010498688,0.5328083989501312,0.47861396287294394,0.5213860371270561
50,380,48.0,0.0,0.18421052631578946,377.38485469741335,48.0,0.0,0.171081585911658,0.5,0.5,0.49538952244836504,0.504610477551635,0.38421052631578945,0.6157894736842106,0.378797668132221,0.6212023318677791
51,362,47.0,0.0,0.1878453038674033,357.9791397416148,46.99999999999999,7.105427357601002e-15,0.17728434545363125,0.5193370165745856,0.48066298342541436,0.5137737532333886,0.48622624676661136,0.430939226519337,0.569060773480663,0.42438306967820366,0.5756169303217963
52,359,25.0,0.0,0.2590529247910863,351.7501814674998,25.0,0.0,0.2492218657355651,0.49025069637883006,0.5097493036211699,0.5073420521591273,0.49265794784087263,0.4735376044568245,0.5264623955431755,0.49028449166273175,0.5097155083372682
53,346,24.0,0.0,0.2774566473988439,335.77027981782504,24.0,0.0,0.25793156584355287,0.4508670520231214,0.5491329479768786,0.45596639037155656,0.5440336096284435,0.476878612716763,0.523121387283237,0.4827704303386526,0.5172295696613474
54,345,77.0,0.0,0.14782608695652175,350.23344263889584,77.00000000000001,1.4210854715202004e-14,0.1336821246652494,0.45217391304347826,0.5478260869565217,0.4504695874519172,0.5495304125480829,0.23768115942028986,0.7623188405797101,0.23918194044015864,0.7608180595598414
55,336,23.0,0.0,0.22916666666666666,331.52994514796717,23.0,0.0,0.22809909936774278,0.5416666666666666,0.4583333333333333,0.5526765595028087,0.44732344049719125,0.49702380952380953,0.5029761904761905,0.5074317777884292,0.4925682222115708
56,324,78.0,0.0,0.16358024691358025,329.6074152730869,78.0,0.0,0.1442531055468938,0.4351851851851852,0.5648148148148148,0.4303167873602869,0.5696832126397132,0.1882716049382716,0.8117283950617284,0.18760380126524331,0.8123961987347567
57,293,80.0,0.0,0.15699658703071673,298.1262231275877,79.99999999999999,1.4210854715202004e-14,0.13492423420283928,0.41638225255972694,0.5836177474402731,0.41021188202297126,0.5897881179770288,0.17406143344709898,0.825938566552901,0.17205772283780474,0.8279422771621953
58,280,79.0,0.0,0.11428571428571428,285.64590595851223,79.0,0.0,0.0960303807982356,0.4142857142857143,0.5857142857142857,0.40454849513030233,0.5954515048696976,0.2,0.8,0.194498223978457,0.8055017760215429
59,279,22.0,0.0,0.23655913978494625,276.4868378762568,21.999999999999996,3.552713678800501e-15,0.23360341506781612,0.5089605734767025,0.4910394265232975,0.5176757208387243,0.4823242791612757,0.48028673835125446,0.5197132616487455,0.4887412512580043,0.5112587487419956
60,262,81.0,0.0,0.1297709923664122,266.23637268757767,81.0,0.0,0.10359054342034925,0.3816793893129771,0.6183206106870229,0.37043665376411694,0.6295633462358832,0.17557251908396945,0.8244274809160306,0.1676093711697594,0.8323906288302406
61,254,21.0,0.0,0.24803149606299213,249.32506338323657,21.0,0.0,0.23598372389301828,0.4645669291338583,0.5354330708661418,0.4801778032845621,0.519822196715438,0.4645669291338583,0.5354330708661418,0.4801778032845621,0.519822196715438
62,225,82.0,0.0,0.10222222222222223,230.77698056442796,82.00000000000001,1.4210854715202004e-14,0.08516284432792917,0.38666666666666666,0.6133333333333333,0.3746444503592408,0.6253555496407592,0.19555555555555557,0.8044444444444444,0.18831737434484894,0.8116826256551511
63,223,83.0,0.0,0.13452914798206278,226.63556409825773,83.00000000000001,1.4210854715202004e-14,0.10951156649924576,0.36771300448430494,0.6322869955156951,0.35856112278498603,0.641438877215014,0.19730941704035873,0.8026905829596412,0.19089105674219534,0.8091089432578047
64,223,18.0,0.0,0.21076233183856502,215.49182238239996,18.0,0.0,0.19697912816187865,0.5426008968609866,0.45739910313901344,0.5400650472801404,0.4599349527198596,0.5246636771300448,0.47533632286995514,0.5215028579785815,0.4784971420214184
65,208,20.0,0.0,0.25961538461538464,207.89518882821653,20.0,0.0,0.26488135731914747,0.4807692307692308,0.5192307692307693,0.5025269695303405,0.49747303046965957,0.5192307692307693,0.4807692307692308,0.54100789852678,0.45899210147321995
66,206,19.0,0.0,0.22815533980582525,203.06434126853068,19.0,0.0,0.22132584895078483,0.49029126213592233,0.5097087378640777,0.49810547190571197,0.5018945280942881,0.49029126213592233,0.5097087378640777,0.49810547190571197,0.5018945280942881
67,195,84.0,0.0,0.11794871794871795,199.34104397488937,84.00000000000001,1.4210854715202004e-14,0.09390797454472358,0.4,0.6,0.3863576456661628,0.6136423543338372,0.13333333333333333,0.8666666666666667,0.12549817105364727,0.8745018289463526
68,62,97.19354838709677,0.5961271092704913,0.06451612903225806,62.29427657481127,97.18670980969287,0.5818582871715515,0.054395535392695434,0.4032258064516129,0.5967741935483871,0.383961920635292,0.6160380793647079,0.45161290322580644,0.5483870967741935,0.43212043799759253,0.5678795620024074
